USE Bank_Loan_Analysis;

INSERT INTO Branches
(branch_id, branch_name, city, state)
VALUES
(1,'MG Road Branch','Indore','Madhya Pradesh'),
(2,'Palasia Branch','Indore','Madhya Pradesh'),
(3,'Bhopal Main Branch','Bhopal','Madhya Pradesh'),
(4,'MP Nagar Branch','Bhopal','Madhya Pradesh'),
(5,'Vijay Nagar Branch','Indore','Madhya Pradesh'),
(6,'Civil Lines Branch','Jabalpur','Madhya Pradesh'),
(7,'City Center Branch','Gwalior','Madhya Pradesh'),
(8,'Freeganj Branch','Ujjain','Madhya Pradesh'),
(9,'Rajwada Branch','Indore','Madhya Pradesh'),
(10,'New Market Branch','Bhopal','Madhya Pradesh'),
(11,'Sitabuldi Branch','Nagpur','Maharashtra'),
(12,'Shivaji Nagar Branch','Pune','Maharashtra'),
(13,'Andheri Branch','Mumbai','Maharashtra'),
(14,'Dharampeth Branch','Nagpur','Maharashtra'),
(15,'Koregaon Park Branch','Pune','Maharashtra'),
(16,'C Scheme Branch','Jaipur','Rajasthan'),
(17,'Vaishali Nagar Branch','Jaipur','Rajasthan'),
(18,'Sector 17 Branch','Chandigarh','Chandigarh'),
(19,'Hazratganj Branch','Lucknow','Uttar Pradesh'),
(20,'Civil Lines Branch','Kanpur','Uttar Pradesh'),
(21,'Alkapuri Branch','Vadodara','Gujarat'),
(22,'Navrangpura Branch','Ahmedabad','Gujarat'),
(23,'Banjara Hills Branch','Hyderabad','Telangana'),
(24,'Pandri Branch','Raipur','Chhattisgarh'),
(25,'Patliputra Branch','Patna','Bihar');
SELECT * FROM Branches;



INSERT INTO LoanTypes
(loan_type_id, loan_type_name, default_interest_rate)
VALUES
(1, 'Home Loan', 8.50),
(2, 'Personal Loan', 11.75),
(3, 'Car Loan', 9.25),
(4, 'Education Loan', 7.80),
(5, 'Business Loan', 10.50);
SELECT * FROM LoanTypes;





INSERT INTO Customers
(customer_id, first_name, last_name, gender, date_of_birth, phone, email, city, state, credit_score)
VALUES
(1001,'Rahul','Sharma','Male','1994-05-12','9876500001','rahul.sharma@email.com','Indore','Madhya Pradesh',782),
(1002,'Priya','Verma','Female','1996-08-15','9876500002','priya.verma@email.com','Bhopal','Madhya Pradesh',745),
(1003,'Amit','Patel','Male','1992-03-10','9876500003','amit.patel@email.com','Nagpur','Maharashtra',801),
(1004,'Sneha','Gupta','Female','1998-11-22','9876500004','sneha.gupta@email.com','Pune','Maharashtra',768),
(1005,'Rohit','Yadav','Male','1993-01-18','9876500005','rohit.yadav@email.com','Raipur','Chhattisgarh',719),
(1006,'Neha','Singh','Female','1995-07-09','9876500006','neha.singh@email.com','Jaipur','Rajasthan',812),
(1007,'Karan','Joshi','Male','1991-09-28','9876500007','karan.joshi@email.com','Lucknow','Uttar Pradesh',694),
(1008,'Anjali','Mishra','Female','1997-12-14','9876500008','anjali.mishra@email.com','Indore','Madhya Pradesh',776),
(1009,'Vikas','Jain','Male','1990-06-03','9876500009','vikas.jain@email.com','Mumbai','Maharashtra',732),
(1010,'Pooja','Saxena','Female','1999-04-20','9876500010','pooja.saxena@email.com','Bhopal','Madhya Pradesh',790),
(1011,'Arjun','Mehta','Male','1993-10-12','9876500011','arjun.mehta@email.com','Surat','Gujarat',771),
(1012,'Kavita','Shah','Female','1994-01-26','9876500012','kavita.shah@email.com','Ahmedabad','Gujarat',756),
(1013,'Manish','Chauhan','Male','1992-02-19','9876500013','manish.chauhan@email.com','Ujjain','Madhya Pradesh',725),
(1014,'Ritu','Sharma','Female','1998-05-17','9876500014','ritu.sharma@email.com','Jabalpur','Madhya Pradesh',809),
(1015,'Deepak','Verma','Male','1991-08-30','9876500015','deepak.verma@email.com','Gwalior','Madhya Pradesh',738),
(1016,'Nisha','Patel','Female','1996-03-05','9876500016','nisha.patel@email.com','Vadodara','Gujarat',781),
(1017,'Sanjay','Kumar','Male','1990-11-11','9876500017','sanjay.kumar@email.com','Delhi','Delhi',703),
(1018,'Meera','Nair','Female','1995-06-22','9876500018','meera.nair@email.com','Kochi','Kerala',824),
(1019,'Harsh','Agarwal','Male','1994-09-16','9876500019','harsh.agarwal@email.com','Kanpur','Uttar Pradesh',747),
(1020,'Divya','Rao','Female','1997-02-28','9876500020','divya.rao@email.com','Hyderabad','Telangana',788),
(1021,'Abhishek','Tiwari','Male','1993-07-13','9876500021','abhishek.tiwari@email.com','Varanasi','Uttar Pradesh',761),
(1022,'Sakshi','Gupta','Female','1998-12-02','9876500022','sakshi.gupta@email.com','Noida','Uttar Pradesh',773),
(1023,'Mohit','Bansal','Male','1992-04-18','9876500023','mohit.bansal@email.com','Chandigarh','Chandigarh',715),
(1024,'Riya','Malhotra','Female','1999-10-07','9876500024','riya.malhotra@email.com','Ludhiana','Punjab',804),
(1025,'Ankit','Soni','Male','1991-01-09','9876500025','ankit.soni@email.com','Bhopal','Madhya Pradesh',736),
(1026,'Komal','Yadav','Female','1996-08-21','9876500026','komal.yadav@email.com','Indore','Madhya Pradesh',792),
(1027,'Nitin','Pandey','Male','1993-05-27','9876500027','nitin.pandey@email.com','Patna','Bihar',722),
(1028,'Shreya','Kulkarni','Female','1995-11-14','9876500028','shreya.k@email.com','Pune','Maharashtra',811),
(1029,'Aditya','Deshmukh','Male','1990-03-30','9876500029','aditya.d@email.com','Nagpur','Maharashtra',769),
(1030,'Aarti','Chopra','Female','1998-07-06','9876500030','aarti.c@email.com','Jaipur','Rajasthan',784),
(1031,'Rakesh','Mishra','Male','1992-09-12','9876500031','rakesh.mishra@email.com','Jabalpur','Madhya Pradesh',774),
(1032,'Simran','Kaur','Female','1997-04-18','9876500032','simran.kaur@email.com','Amritsar','Punjab',792),
(1033,'Vivek','Sharma','Male','1991-06-22','9876500033','vivek.sharma@email.com','Delhi','Delhi',748),
(1034,'Preeti','Jain','Female','1995-08-09','9876500034','preeti.jain@email.com','Indore','Madhya Pradesh',806),
(1035,'Suresh','Patel','Male','1990-11-11','9876500035','suresh.patel@email.com','Ahmedabad','Gujarat',721),
(1036,'Kiran','Yadav','Female','1996-01-27','9876500036','kiran.yadav@email.com','Raipur','Chhattisgarh',779),
(1037,'Ajay','Verma','Male','1993-07-16','9876500037','ajay.verma@email.com','Lucknow','Uttar Pradesh',763),
(1038,'Nidhi','Singh','Female','1998-10-04','9876500038','nidhi.singh@email.com','Bhopal','Madhya Pradesh',815),
(1039,'Tarun','Mehta','Male','1992-05-29','9876500039','tarun.mehta@email.com','Surat','Gujarat',733),
(1040,'Pallavi','Gupta','Female','1997-03-15','9876500040','pallavi.gupta@email.com','Nagpur','Maharashtra',787),
(1041,'Ashish','Tiwari','Male','1991-12-01','9876500041','ashish.tiwari@email.com','Kanpur','Uttar Pradesh',744),
(1042,'Rashmi','Rao','Female','1994-09-20','9876500042','rashmi.rao@email.com','Hyderabad','Telangana',798),
(1043,'Lokesh','Chauhan','Male','1990-02-13','9876500043','lokesh.chauhan@email.com','Jaipur','Rajasthan',709),
(1044,'Anita','Saxena','Female','1996-06-08','9876500044','anita.saxena@email.com','Gwalior','Madhya Pradesh',823),
(1045,'Naveen','Agarwal','Male','1993-08-24','9876500045','naveen.agarwal@email.com','Noida','Uttar Pradesh',751),
(1046,'Swati','Malhotra','Female','1998-11-30','9876500046','swati.malhotra@email.com','Chandigarh','Chandigarh',804),
(1047,'Hemant','Joshi','Male','1992-04-05','9876500047','hemant.joshi@email.com','Udaipur','Rajasthan',736),
(1048,'Poonam','Shah','Female','1995-07-18','9876500048','poonam.shah@email.com','Vadodara','Gujarat',790),
(1049,'Arvind','Bansal','Male','1991-10-26','9876500049','arvind.bansal@email.com','Patna','Bihar',718),
(1050,'Jyoti','Kulkarni','Female','1997-01-14','9876500050','jyoti.kulkarni@email.com','Pune','Maharashtra',812),
(1051,'Anil','Dubey','Male','1993-02-18','9876500051','anil.dubey@email.com','Indore','Madhya Pradesh',768),
(1052,'Ritu','Verma','Female','1997-09-11','9876500052','ritu.verma@email.com','Bhopal','Madhya Pradesh',794),
(1053,'Sachin','Mishra','Male','1992-12-08','9876500053','sachin.m@email.com','Nagpur','Maharashtra',739),
(1054,'Monika','Patel','Female','1998-03-22','9876500054','monika.patel@email.com','Surat','Gujarat',810),
(1055,'Vijay','Yadav','Male','1991-07-15','9876500055','vijay.yadav@email.com','Raipur','Chhattisgarh',724),
(1056,'Pallavi','Sharma','Female','1996-05-30','9876500056','pallavi.sharma@email.com','Jaipur','Rajasthan',786),
(1057,'Gaurav','Jain','Male','1990-11-19','9876500057','gaurav.jain@email.com','Ahmedabad','Gujarat',752),
(1058,'Megha','Soni','Female','1995-08-27','9876500058','megha.soni@email.com','Lucknow','Uttar Pradesh',803),
(1059,'Prakash','Chauhan','Male','1993-04-14','9876500059','prakash.c@email.com','Ujjain','Madhya Pradesh',717),
(1060,'Shweta','Gupta','Female','1997-06-10','9876500060','shweta.gupta@email.com','Pune','Maharashtra',821),
(1061,'Rohan','Kulkarni','Male','1992-01-09','9876500061','rohan.k@email.com','Mumbai','Maharashtra',776),
(1062,'Kajal','Rathore','Female','1998-10-05','9876500062','kajal.r@email.com','Jodhpur','Rajasthan',798),
(1063,'Nitin','Thakur','Male','1991-09-25','9876500063','nitin.thakur@email.com','Kanpur','Uttar Pradesh',732),
(1064,'Asha','Pandey','Female','1996-12-12','9876500064','asha.p@email.com','Varanasi','Uttar Pradesh',812),
(1065,'Sandeep','Rawat','Male','1993-03-17','9876500065','sandeep.rawat@email.com','Dehradun','Uttarakhand',741),
(1066,'Rekha','Nair','Female','1995-11-08','9876500066','rekha.nair@email.com','Kochi','Kerala',807),
(1067,'Harish','Kapoor','Male','1990-06-28','9876500067','harish.k@email.com','Delhi','Delhi',726),
(1068,'Divya','Arora','Female','1998-02-20','9876500068','divya.arora@email.com','Chandigarh','Chandigarh',819),
(1069,'Manoj','Saxena','Male','1992-08-16','9876500069','manoj.s@email.com','Gwalior','Madhya Pradesh',755),
(1070,'Neetu','Bhardwaj','Female','1997-04-29','9876500070','neetu.b@email.com','Noida','Uttar Pradesh',791),
(1071,'Akash','Sharma','Male','1994-01-11','9876500071','akash.sharma@email.com','Indore','Madhya Pradesh',778),
(1072,'Priti','Mishra','Female','1996-07-19','9876500072','priti.mishra@email.com','Bhopal','Madhya Pradesh',804),
(1073,'Yash','Patel','Male','1993-05-25','9876500073','yash.patel@email.com','Ahmedabad','Gujarat',746),
(1074,'Sonal','Jain','Female','1998-09-14','9876500074','sonal.jain@email.com','Ujjain','Madhya Pradesh',821),
(1075,'Mukesh','Verma','Male','1992-03-08','9876500075','mukesh.verma@email.com','Raipur','Chhattisgarh',731),
(1076,'Rachna','Singh','Female','1997-11-22','9876500076','rachna.singh@email.com','Lucknow','Uttar Pradesh',798),
(1077,'Devendra','Joshi','Male','1991-06-30','9876500077','devendra.joshi@email.com','Jaipur','Rajasthan',742),
(1078,'Anu','Gupta','Female','1995-12-09','9876500078','anu.gupta@email.com','Nagpur','Maharashtra',809),
(1079,'Kamal','Agarwal','Male','1990-10-27','9876500079','kamal.agarwal@email.com','Delhi','Delhi',724),
(1080,'Roshni','Saxena','Female','1998-04-18','9876500080','roshni.saxena@email.com','Pune','Maharashtra',816),
(1081,'Sunil','Rathore','Male','1993-08-05','9876500081','sunil.rathore@email.com','Jabalpur','Madhya Pradesh',752),
(1082,'Komal','Chauhan','Female','1996-02-24','9876500082','komal.chauhan@email.com','Gwalior','Madhya Pradesh',788),
(1083,'Ravi','Pandey','Male','1991-09-17','9876500083','ravi.pandey@email.com','Kanpur','Uttar Pradesh',735),
(1084,'Nikita','Shah','Female','1999-01-29','9876500084','nikita.shah@email.com','Surat','Gujarat',812),
(1085,'Dinesh','Mehta','Male','1992-07-03','9876500085','dinesh.mehta@email.com','Vadodara','Gujarat',744),
(1086,'Shalini','Bansal','Female','1997-05-16','9876500086','shalini.bansal@email.com','Chandigarh','Chandigarh',802),
(1087,'Amit','Rawat','Male','1990-12-20','9876500087','amit.rawat@email.com','Dehradun','Uttarakhand',729),
(1088,'Pallavi','Kapoor','Female','1995-03-12','9876500088','pallavi.kapoor@email.com','Noida','Uttar Pradesh',819),
(1089,'Vinod','Tripathi','Male','1993-11-07','9876500089','vinod.tripathi@email.com','Varanasi','Uttar Pradesh',761),
(1090,'Sonal','Rao','Female','1998-06-21','9876500090','sonal.rao@email.com','Hyderabad','Telangana',807),
(1091,'Abhinav','Shukla','Male','1992-02-11','9876500091','abhinav.shukla@email.com','Indore','Madhya Pradesh',781),
(1092,'Pallavi','Verma','Female','1996-08-15','9876500092','pallavi.verma@email.com','Bhopal','Madhya Pradesh',796),
(1093,'Rohit','Patel','Male','1991-07-28','9876500093','rohit.patel@email.com','Ahmedabad','Gujarat',742),
(1094,'Neha','Jain','Female','1998-01-19','9876500094','neha.jain@email.com','Surat','Gujarat',815),
(1095,'Kunal','Yadav','Male','1993-05-12','9876500095','kunal.yadav@email.com','Raipur','Chhattisgarh',726),
(1096,'Ruchi','Sharma','Female','1997-09-03','9876500096','ruchi.sharma@email.com','Jaipur','Rajasthan',804),
(1097,'Sumit','Mishra','Male','1990-11-26','9876500097','sumit.mishra@email.com','Lucknow','Uttar Pradesh',733),
(1098,'Ankita','Gupta','Female','1995-12-18','9876500098','ankita.gupta@email.com','Nagpur','Maharashtra',789),
(1099,'Pradeep','Soni','Male','1992-03-15','9876500099','pradeep.soni@email.com','Ujjain','Madhya Pradesh',747),
(1100,'Meena','Singh','Female','1998-06-20','9876500100','meena.singh@email.com','Delhi','Delhi',821),
(1101,'Arun','Mehta','Male','1991-08-08','9876500101','arun.mehta@email.com','Mumbai','Maharashtra',754),
(1102,'Kiran','Patidar','Female','1996-04-24','9876500102','kiran.patidar@email.com','Indore','Madhya Pradesh',798),
(1103,'Vivek','Rawat','Male','1993-01-30','9876500103','vivek.rawat@email.com','Bhopal','Madhya Pradesh',739),
(1104,'Sakshi','Chauhan','Female','1999-07-09','9876500104','sakshi.chauhan@email.com','Kanpur','Uttar Pradesh',812),
(1105,'Deepak','Agrawal','Male','1992-09-17','9876500105','deepak.agrawal@email.com','Pune','Maharashtra',751),
(1106,'Aarti','Pandey','Female','1997-03-28','9876500106','aarti.pandey@email.com','Varanasi','Uttar Pradesh',807),
(1107,'Naveen','Rathore','Male','1990-12-05','9876500107','naveen.rathore@email.com','Jabalpur','Madhya Pradesh',723),
(1108,'Shweta','Kulkarni','Female','1995-11-11','9876500108','shweta.kulkarni@email.com','Pune','Maharashtra',816),
(1109,'Harsh','Kapoor','Male','1993-04-14','9876500109','harsh.kapoor@email.com','Chandigarh','Chandigarh',745),
(1110,'Nisha','Bhardwaj','Female','1998-02-22','9876500110','nisha.bhardwaj@email.com','Noida','Uttar Pradesh',819),
(1111,'Lokesh','Verma','Male','1991-10-16','9876500111','lokesh.verma@email.com','Gwalior','Madhya Pradesh',734),
(1112,'Pooja','Rao','Female','1996-06-27','9876500112','pooja.rao@email.com','Hyderabad','Telangana',803),
(1113,'Rajesh','Dubey','Male','1992-05-09','9876500113','rajesh.dubey@email.com','Patna','Bihar',749),
(1114,'Monika','Arora','Female','1997-01-13','9876500114','monika.arora@email.com','Ludhiana','Punjab',811),
(1115,'Sandeep','Joshi','Male','1990-08-30','9876500115','sandeep.joshi@email.com','Udaipur','Rajasthan',756),
(1116,'Ankit','Sharma','Male','1994-04-18','9876500116','ankit.sharma@email.com','Indore','Madhya Pradesh',782),
(1117,'Priyanka','Verma','Female','1997-08-25','9876500117','priyanka.verma@email.com','Bhopal','Madhya Pradesh',795),
(1118,'Ramesh','Patel','Male','1991-02-14','9876500118','ramesh.patel@email.com','Ahmedabad','Gujarat',748),
(1119,'Kajal','Gupta','Female','1998-06-30','9876500119','kajal.gupta@email.com','Jaipur','Rajasthan',816),
(1120,'Vikram','Yadav','Male','1993-09-11','9876500120','vikram.yadav@email.com','Lucknow','Uttar Pradesh',731),
(1121,'Shivani','Jain','Female','1996-12-07','9876500121','shivani.jain@email.com','Nagpur','Maharashtra',804),
(1122,'Aman','Soni','Male','1992-01-22','9876500122','aman.soni@email.com','Raipur','Chhattisgarh',744),
(1123,'Ritika','Singh','Female','1999-03-17','9876500123','ritika.singh@email.com','Delhi','Delhi',821),
(1124,'Mohit','Mehta','Male','1990-07-29','9876500124','mohit.mehta@email.com','Surat','Gujarat',757),
(1125,'Deepa','Rao','Female','1995-11-05','9876500125','deepa.rao@email.com','Hyderabad','Telangana',798),
(1126,'Ajay','Dubey','Male','1991-05-12','9876500126','ajay.dubey@email.com','Jabalpur','Madhya Pradesh',739),
(1127,'Neelam','Pandey','Female','1997-09-19','9876500127','neelam.pandey@email.com','Kanpur','Uttar Pradesh',808),
(1128,'Manoj','Chauhan','Male','1993-03-27','9876500128','manoj.chauhan@email.com','Ujjain','Madhya Pradesh',725),
(1129,'Sonal','Patidar','Female','1998-01-10','9876500129','sonal.patidar@email.com','Indore','Madhya Pradesh',814),
(1130,'Nitin','Rawat','Male','1992-10-24','9876500130','nitin.rawat@email.com','Dehradun','Uttarakhand',746),
(1131,'Komal','Bansal','Female','1996-08-14','9876500131','komal.bansal@email.com','Chandigarh','Chandigarh',802),
(1132,'Ashok','Kapoor','Male','1990-04-21','9876500132','ashok.kapoor@email.com','Noida','Uttar Pradesh',732),
(1133,'Rashmi','Saxena','Female','1997-02-16','9876500133','rashmi.saxena@email.com','Gwalior','Madhya Pradesh',819),
(1134,'Vinay','Tripathi','Male','1991-06-03','9876500134','vinay.tripathi@email.com','Varanasi','Uttar Pradesh',754),
(1135,'Poonam','Kulkarni','Female','1995-10-28','9876500135','poonam.kulkarni@email.com','Pune','Maharashtra',806),
(1136,'Harish','Agarwal','Male','1992-12-09','9876500136','harish.agarwal@email.com','Mumbai','Maharashtra',741),
(1137,'Anu','Malhotra','Female','1998-07-13','9876500137','anu.malhotra@email.com','Ludhiana','Punjab',812),
(1138,'Dilip','Thakur','Male','1993-11-01','9876500138','dilip.thakur@email.com','Patna','Bihar',737),
(1139,'Swati','Joshi','Female','1996-05-20','9876500139','swati.joshi@email.com','Udaipur','Rajasthan',800),
(1140,'Gaurav','Mishra','Male','1991-09-26','9876500140','gaurav.mishra@email.com','Bhopal','Madhya Pradesh',759);
SELECT * FROM Customers;




INSERT INTO Employees
(employee_id, employee_name, designation, hire_date, branch_id)
VALUES
(201,'Rajesh Kumar','Branch Manager','2018-01-15',1),
(202,'Nidhi Gupta','Loan Officer','2019-03-12',2),
(203,'Aakash Sharma','Relationship Manager','2020-06-18',3),
(204,'Deepa Jain','Loan Officer','2021-02-10',4),
(205,'Ankit Verma','Credit Analyst','2019-08-25',5),
(206,'Rohit Patel','Loan Officer','2022-01-14',6),
(207,'Priya Singh','Relationship Manager','2021-11-09',7),
(208,'Amit Mishra','Branch Manager','2017-09-30',8),
(209,'Sneha Gupta','Credit Analyst','2020-05-17',9),
(210,'Vikas Yadav','Loan Officer','2022-04-05',10),
(211,'Pooja Sharma','Relationship Manager','2019-10-22',11),
(212,'Manish Jain','Loan Officer','2018-07-19',12),
(213,'Neha Verma','Credit Analyst','2021-01-11',13),
(214,'Karan Joshi','Loan Officer','2020-12-01',14),
(215,'Anjali Mehta','Relationship Manager','2022-08-08',15),
(216,'Sanjay Patel','Branch Manager','2016-04-26',16),
(217,'Ritu Saxena','Loan Officer','2021-03-03',17),
(218,'Harish Agarwal','Credit Analyst','2019-06-21',18),
(219,'Meera Nair','Relationship Manager','2020-09-14',19),
(220,'Abhishek Tiwari','Loan Officer','2022-02-27',20),
(221,'Komal Chauhan','Credit Analyst','2021-05-13',21),
(222,'Naveen Rawat','Relationship Manager','2018-11-18',22),
(223,'Shweta Kulkarni','Loan Officer','2020-07-07',23),
(224,'Arvind Bansal','Credit Analyst','2021-10-25',24),
(225,'Jyoti Kapoor','Loan Officer','2022-06-30',25),
(226,'Rakesh Sharma','Loan Officer','2020-01-15',1),
(227,'Priyanka Verma','Relationship Manager','2021-04-12',2),
(228,'Amit Patel','Credit Analyst','2019-08-20',3),
(229,'Sneha Yadav','Loan Officer','2022-02-11',4),
(230,'Vivek Gupta','Branch Manager','2017-09-05',5),
(231,'Neha Mishra','Relationship Manager','2020-06-18',6),
(232,'Deepak Singh','Loan Officer','2021-03-25',7),
(233,'Anjali Jain','Credit Analyst','2019-12-01',8),
(234,'Rahul Mehta','Loan Officer','2022-07-14',9),
(235,'Pooja Saxena','Relationship Manager','2020-10-10',10),
(236,'Arun Verma','Loan Officer','2018-05-22',11),
(237,'Kavita Sharma','Credit Analyst','2021-09-30',12),
(238,'Mohit Agrawal','Loan Officer','2022-01-09',13),
(239,'Swati Patel','Relationship Manager','2019-07-16',14),
(240,'Nitin Chauhan','Branch Manager','2016-11-27',15),
(241,'Komal Joshi','Loan Officer','2021-05-08',16),
(242,'Harsh Tiwari','Credit Analyst','2020-03-19',17),
(243,'Monika Kapoor','Relationship Manager','2019-02-24',18),
(244,'Sandeep Rawat','Loan Officer','2022-08-12',19),
(245,'Rashmi Dubey','Credit Analyst','2021-06-17',20),
(246,'Vikas Pandey','Loan Officer','2018-04-03',21),
(247,'Shivani Rao','Relationship Manager','2020-09-28',22),
(248,'Ajay Rathore','Loan Officer','2022-03-06',23),
(249,'Pallavi Kulkarni','Credit Analyst','2021-12-15',24),
(250,'Manoj Bansal','Loan Officer','2019-10-21',25),
(251,'Akash Verma','Loan Officer','2020-02-11',1),
(252,'Ritika Sharma','Credit Analyst','2021-04-25',2),
(253,'Rohit Gupta','Relationship Manager','2019-07-14',3),
(254,'Neha Patel','Loan Officer','2022-01-08',4),
(255,'Vikas Mishra','Branch Manager','2018-05-19',5),
(256,'Shreya Jain','Loan Officer','2021-11-30',6),
(257,'Ankit Singh','Credit Analyst','2020-08-17',7),
(258,'Pooja Yadav','Relationship Manager','2019-03-22',8),
(259,'Harsh Verma','Loan Officer','2022-06-05',9),
(260,'Nidhi Chauhan','Credit Analyst','2021-02-14',10),
(261,'Deepak Sharma','Loan Officer','2018-10-09',11),
(262,'Aarti Gupta','Relationship Manager','2020-12-18',12),
(263,'Saurabh Patel','Loan Officer','2022-04-26',13),
(264,'Komal Mishra','Credit Analyst','2019-09-13',14),
(265,'Manish Joshi','Branch Manager','2017-01-20',15),
(266,'Priya Kapoor','Loan Officer','2021-07-28',16),
(267,'Rahul Saxena','Relationship Manager','2020-05-16',17),
(268,'Sneha Agrawal','Loan Officer','2022-09-03',18),
(269,'Arvind Tiwari','Credit Analyst','2021-01-29',19),
(270,'Ruchi Dubey','Loan Officer','2019-11-08',20),
(271,'Vivek Rawat','Relationship Manager','2018-06-21',21),
(272,'Meena Kulkarni','Loan Officer','2020-10-27',22),
(273,'Naveen Bansal','Credit Analyst','2021-08-12',23),
(274,'Kajal Rathore','Loan Officer','2022-03-15',24),
(275,'Sanjay Pandey','Relationship Manager','2019-12-04',25),
(276,'Abhishek Sharma','Loan Officer','2020-01-15',1),
(277,'Riya Verma','Credit Analyst','2021-03-21',2),
(278,'Aman Gupta','Relationship Manager','2019-08-14',3),
(279,'Divya Patel','Loan Officer','2022-02-11',4),
(280,'Lokesh Yadav','Branch Manager','2018-06-30',5),
(281,'Pallavi Mishra','Loan Officer','2021-10-08',6),
(282,'Nitin Jain','Credit Analyst','2020-04-18',7),
(283,'Shweta Singh','Relationship Manager','2019-07-12',8),
(284,'Raj Kumar','Loan Officer','2022-01-25',9),
(285,'Megha Sharma','Credit Analyst','2021-05-14',10),
(286,'Anil Verma','Loan Officer','2018-09-07',11),
(287,'Kiran Gupta','Relationship Manager','2020-12-29',12),
(288,'Mohit Chauhan','Loan Officer','2022-03-16',13),
(289,'Pooja Joshi','Credit Analyst','2021-01-20',14),
(290,'Deepak Agrawal','Branch Manager','2017-04-11',15),
(291,'Rashmi Kapoor','Loan Officer','2021-08-24',16),
(292,'Harish Tiwari','Relationship Manager','2020-06-19',17),
(293,'Anjali Rawat','Loan Officer','2022-07-03',18),
(294,'Sandeep Dubey','Credit Analyst','2021-11-27',19),
(295,'Komal Pandey','Loan Officer','2019-10-10',20),
(296,'Vijay Rathore','Relationship Manager','2018-02-18',21),
(297,'Monika Bansal','Loan Officer','2020-09-09',22),
(298,'Gaurav Kulkarni','Credit Analyst','2021-06-05',23),
(299,'Nisha Saxena','Loan Officer','2022-04-28',24),
(300,'Rohit Mehta','Relationship Manager','2019-12-15',25);
SELECT * FROM Employees;




INSERT INTO Loans
(loan_id, customer_id, loan_type_id, branch_id, employee_id,
loan_amount, interest_rate, tenure_months, loan_status, loan_date)
VALUES
(5001,1001,1,1,201,2500000,8.50,240,'Active','2024-01-15'),
(5002,1002,2,2,202,450000,11.75,60,'Approved','2024-01-20'),
(5003,1003,3,3,203,850000,9.25,84,'Closed','2023-11-10'),
(5004,1004,4,4,204,350000,7.80,48,'Active','2024-02-05'),
(5005,1005,5,5,205,1200000,10.50,120,'Approved','2024-02-15'),
(5006,1006,1,6,206,3200000,8.50,300,'Active','2024-03-01'),
(5007,1007,2,7,207,600000,11.75,72,'Rejected','2024-03-08'),
(5008,1008,3,8,208,950000,9.25,60,'Closed','2023-12-22'),
(5009,1009,4,9,209,280000,7.80,36,'Active','2024-03-15'),
(5010,1010,5,10,210,1750000,10.50,180,'Approved','2024-04-02'),
(5011,1011,1,11,211,4100000,8.50,300,'Active','2024-04-10'),
(5012,1012,2,12,212,550000,11.75,60,'Closed','2023-10-18'),
(5013,1013,3,13,213,780000,9.25,72,'Approved','2024-04-18'),
(5014,1014,4,14,214,400000,7.80,48,'Active','2024-05-03'),
(5015,1015,5,15,215,1450000,10.50,120,'Rejected','2024-05-12'),
(5016,1016,1,16,216,2900000,8.50,240,'Approved','2024-05-20'),
(5017,1017,2,17,217,500000,11.75,60,'Active','2024-06-02'),
(5018,1018,3,18,218,900000,9.25,84,'Closed','2023-09-14'),
(5019,1019,4,19,219,320000,7.80,36,'Approved','2024-06-10'),
(5020,1020,5,20,220,2100000,10.50,180,'Active','2024-06-22'),
(5021,1021,1,21,221,3500000,8.50,240,'Approved','2024-07-05'),
(5022,1022,2,22,222,650000,11.75,72,'Closed','2023-08-19'),
(5023,1023,3,23,223,1000000,9.25,84,'Active','2024-07-18'),
(5024,1024,4,24,224,420000,7.80,48,'Approved','2024-07-26'),
(5025,1025,5,25,225,1800000,10.50,120,'Active','2024-08-01'),
(5026,1026,1,1,226,2750000,8.50,240,'Active','2024-08-05'),
(5027,1027,2,2,227,520000,11.75,60,'Approved','2024-08-09'),
(5028,1028,3,3,228,890000,9.25,84,'Closed','2023-07-12'),
(5029,1029,4,4,229,310000,7.80,36,'Active','2024-08-15'),
(5030,1030,5,5,230,1350000,10.50,120,'Approved','2024-08-22'),
(5031,1031,1,6,231,2950000,8.50,300,'Active','2024-09-01'),
(5032,1032,2,7,232,610000,11.75,72,'Rejected','2024-09-08'),
(5033,1033,3,8,233,970000,9.25,60,'Closed','2023-06-20'),
(5034,1034,4,9,234,360000,7.80,48,'Approved','2024-09-15'),
(5035,1035,5,10,235,1600000,10.50,180,'Active','2024-09-25'),
(5036,1036,1,11,236,3850000,8.50,240,'Approved','2024-10-02'),
(5037,1037,2,12,237,470000,11.75,60,'Active','2024-10-08'),
(5038,1038,3,13,238,820000,9.25,72,'Closed','2023-05-28'),
(5039,1039,4,14,239,430000,7.80,48,'Approved','2024-10-15'),
(5040,1040,5,15,240,1900000,10.50,180,'Active','2024-10-22'),
(5041,1041,1,16,241,3400000,8.50,300,'Approved','2024-11-01'),
(5042,1042,2,17,242,680000,11.75,72,'Rejected','2024-11-07'),
(5043,1043,3,18,243,910000,9.25,84,'Active','2024-11-14'),
(5044,1044,4,19,244,295000,7.80,36,'Closed','2023-04-16'),
(5045,1045,5,20,245,1700000,10.50,120,'Approved','2024-11-22'),
(5046,1046,1,21,246,3600000,8.50,240,'Active','2024-12-02'),
(5047,1047,2,22,247,540000,11.75,60,'Approved','2024-12-08'),
(5048,1048,3,23,248,860000,9.25,72,'Closed','2023-03-21'),
(5049,1049,4,24,249,390000,7.80,48,'Active','2024-12-15'),
(5050,1050,5,25,250,2050000,10.50,180,'Approved','2024-12-28'),
(5051,1051,1,1,251,2850000,8.50,240,'Active','2025-01-03'),
(5052,1052,2,2,252,480000,11.75,60,'Approved','2025-01-08'),
(5053,1053,3,3,253,930000,9.25,84,'Closed','2024-02-18'),
(5054,1054,4,4,254,340000,7.80,48,'Active','2025-01-16'),
(5055,1055,5,5,255,1500000,10.50,120,'Approved','2025-01-22'),
(5056,1056,1,6,256,3100000,8.50,300,'Active','2025-02-01'),
(5057,1057,2,7,257,620000,11.75,72,'Rejected','2025-02-06'),
(5058,1058,3,8,258,875000,9.25,60,'Closed','2024-01-25'),
(5059,1059,4,9,259,295000,7.80,36,'Approved','2025-02-15'),
(5060,1060,5,10,260,1850000,10.50,180,'Active','2025-02-22'),
(5061,1061,1,11,261,3950000,8.50,300,'Approved','2025-03-04'),
(5062,1062,2,12,262,510000,11.75,60,'Active','2025-03-09'),
(5063,1063,3,13,263,840000,9.25,72,'Closed','2023-12-20'),
(5064,1064,4,14,264,415000,7.80,48,'Approved','2025-03-18'),
(5065,1065,5,15,265,1650000,10.50,120,'Rejected','2025-03-24'),
(5066,1066,1,16,266,3450000,8.50,240,'Active','2025-04-02'),
(5067,1067,2,17,267,575000,11.75,60,'Approved','2025-04-08'),
(5068,1068,3,18,268,990000,9.25,84,'Active','2025-04-15'),
(5069,1069,4,19,269,305000,7.80,36,'Closed','2024-03-11'),
(5070,1070,5,20,270,2200000,10.50,180,'Approved','2025-04-24'),
(5071,1071,1,21,271,3650000,8.50,240,'Active','2025-05-03'),
(5072,1072,2,22,272,690000,11.75,72,'Approved','2025-05-09'),
(5073,1073,3,23,273,915000,9.25,84,'Closed','2024-04-05'),
(5074,1074,4,24,274,365000,7.80,48,'Active','2025-05-17'),
(5075,1075,5,25,275,1950000,10.50,180,'Approved','2025-05-25'),
(5076,1076,1,1,276,2750000,8.50,240,'Active','2025-06-02'),
(5077,1077,2,2,277,525000,11.75,60,'Approved','2025-06-08'),
(5078,1078,3,3,278,880000,9.25,84,'Closed','2024-05-15'),
(5079,1079,4,4,279,325000,7.80,48,'Active','2025-06-16'),
(5080,1080,5,5,280,1450000,10.50,120,'Approved','2025-06-24'),
(5081,1081,1,6,281,3300000,8.50,300,'Active','2025-07-03'),
(5082,1082,2,7,282,590000,11.75,72,'Rejected','2025-07-09'),
(5083,1083,3,8,283,940000,9.25,60,'Closed','2024-06-10'),
(5084,1084,4,9,284,355000,7.80,48,'Approved','2025-07-18'),
(5085,1085,5,10,285,1800000,10.50,180,'Active','2025-07-25'),
(5086,1086,1,11,286,4050000,8.50,300,'Approved','2025-08-01'),
(5087,1087,2,12,287,560000,11.75,60,'Active','2025-08-08'),
(5088,1088,3,13,288,820000,9.25,72,'Closed','2024-07-12'),
(5089,1089,4,14,289,410000,7.80,48,'Approved','2025-08-19'),
(5090,1090,5,15,290,2100000,10.50,180,'Rejected','2025-08-28'),
(5091,1091,1,16,291,3550000,8.50,240,'Active','2025-09-05'),
(5092,1092,2,17,292,610000,11.75,72,'Approved','2025-09-11'),
(5093,1093,3,18,293,905000,9.25,84,'Active','2025-09-20'),
(5094,1094,4,19,294,295000,7.80,36,'Closed','2024-08-18'),
(5095,1095,5,20,295,1700000,10.50,120,'Approved','2025-09-27'),
(5096,1096,1,21,296,3700000,8.50,240,'Active','2025-10-04'),
(5097,1097,2,22,297,540000,11.75,60,'Approved','2025-10-10'),
(5098,1098,3,23,298,960000,9.25,84,'Closed','2024-09-07'),
(5099,1099,4,24,299,385000,7.80,48,'Active','2025-10-18'),
(5100,1100,5,25,300,2250000,10.50,180,'Approved','2025-10-27'),
(5101,1101,1,1,201,2850000,8.50,240,'Active','2025-11-03'),
(5102,1102,2,2,202,475000,11.75,60,'Approved','2025-11-08'),
(5103,1103,3,3,203,825000,9.25,72,'Closed','2024-10-11'),
(5104,1104,4,4,204,360000,7.80,48,'Active','2025-11-16'),
(5105,1105,5,5,205,1550000,10.50,120,'Approved','2025-11-23'),
(5106,1106,1,6,206,3450000,8.50,300,'Active','2025-12-02'),
(5107,1107,2,7,207,590000,11.75,72,'Rejected','2025-12-07'),
(5108,1108,3,8,208,910000,9.25,84,'Closed','2024-11-15'),
(5109,1109,4,9,209,315000,7.80,36,'Approved','2025-12-18'),
(5110,1110,5,10,210,2050000,10.50,180,'Active','2025-12-24'),
(5111,1111,1,11,211,3950000,8.50,240,'Approved','2026-01-04'),
(5112,1112,2,12,212,545000,11.75,60,'Active','2026-01-10'),
(5113,1113,3,13,213,875000,9.25,72,'Closed','2024-12-08'),
(5114,1114,4,14,214,405000,7.80,48,'Approved','2026-01-17'),
(5115,1115,5,15,215,1850000,10.50,180,'Rejected','2026-01-25'),
(5116,1116,1,16,216,3600000,8.50,240,'Active','2026-02-03'),
(5117,1117,2,17,217,610000,11.75,72,'Approved','2026-02-09'),
(5118,1118,3,18,218,940000,9.25,84,'Active','2026-02-18'),
(5119,1119,4,19,219,345000,7.80,48,'Closed','2025-01-20'),
(5120,1120,5,20,220,2200000,10.50,180,'Approved','2026-02-27'),
(5121,1121,1,21,221,3750000,8.50,300,'Active','2026-03-05'),
(5122,1122,2,22,222,565000,11.75,60,'Approved','2026-03-11'),
(5123,1123,3,23,223,985000,9.25,84,'Closed','2025-02-14'),
(5124,1124,4,24,224,390000,7.80,48,'Active','2026-03-19'),
(5125,1125,5,25,225,1950000,10.50,120,'Approved','2026-03-27'),
(5126,1126,1,1,226,2950000,8.50,240,'Active','2026-04-02'),
(5127,1127,2,2,227,510000,11.75,60,'Approved','2026-04-07'),
(5128,1128,3,3,228,860000,9.25,72,'Closed','2025-03-12'),
(5129,1129,4,4,229,370000,7.80,48,'Active','2026-04-15'),
(5130,1130,5,5,230,1650000,10.50,120,'Approved','2026-04-21'),
(5131,1131,1,6,231,3350000,8.50,300,'Active','2026-05-01'),
(5132,1132,2,7,232,640000,11.75,72,'Rejected','2026-05-06'),
(5133,1133,3,8,233,905000,9.25,84,'Closed','2025-04-18'),
(5134,1134,4,9,234,345000,7.80,36,'Approved','2026-05-14'),
(5135,1135,5,10,235,2100000,10.50,180,'Active','2026-05-22'),
(5136,1136,1,11,236,4050000,8.50,300,'Approved','2026-06-03'),
(5137,1137,2,12,237,585000,11.75,60,'Active','2026-06-09'),
(5138,1138,3,13,238,830000,9.25,72,'Closed','2025-05-20'),
(5139,1139,4,14,239,420000,7.80,48,'Approved','2026-06-17'),
(5140,1140,5,15,240,1900000,10.50,120,'Rejected','2026-06-24'),
(5141,1001,1,16,241,3150000,8.50,240,'Active','2026-07-02'),
(5142,1002,2,17,242,550000,11.75,60,'Approved','2026-07-08'),
(5143,1003,3,18,243,975000,9.25,84,'Active','2026-07-15'),
(5144,1004,4,19,244,300000,7.80,36,'Closed','2025-06-11'),
(5145,1005,5,20,245,1750000,10.50,180,'Approved','2026-07-23'),
(5146,1006,1,21,246,3850000,8.50,300,'Active','2026-08-01'),
(5147,1007,2,22,247,620000,11.75,72,'Approved','2026-08-07'),
(5148,1008,3,23,248,890000,9.25,60,'Closed','2025-07-18'),
(5149,1009,4,24,249,410000,7.80,48,'Active','2026-08-15'),
(5150,1010,5,25,250,2250000,10.50,180,'Approved','2026-08-22'),
(5151,1011,1,1,251,2800000,8.50,240,'Active','2026-09-02'),
(5152,1012,2,2,252,495000,11.75,60,'Approved','2026-09-08'),
(5153,1013,3,3,253,915000,9.25,84,'Closed','2025-08-14'),
(5154,1014,4,4,254,385000,7.80,48,'Active','2026-09-15'),
(5155,1015,5,5,255,1850000,10.50,180,'Approved','2026-09-22'),
(5156,1016,1,6,256,3250000,8.50,300,'Active','2026-10-01'),
(5157,1017,2,7,257,605000,11.75,72,'Rejected','2026-10-07'),
(5158,1018,3,8,258,865000,9.25,60,'Closed','2025-09-18'),
(5159,1019,4,9,259,335000,7.80,36,'Approved','2026-10-16'),
(5160,1020,5,10,260,1950000,10.50,120,'Active','2026-10-24'),
(5161,1021,1,11,261,3900000,8.50,240,'Approved','2026-11-03'),
(5162,1022,2,12,262,565000,11.75,60,'Active','2026-11-09'),
(5163,1023,3,13,263,940000,9.25,72,'Closed','2025-10-12'),
(5164,1024,4,14,264,415000,7.80,48,'Approved','2026-11-18'),
(5165,1025,5,15,265,2150000,10.50,180,'Rejected','2026-11-26'),
(5166,1026,1,16,266,3450000,8.50,240,'Active','2026-12-04'),
(5167,1027,2,17,267,640000,11.75,72,'Approved','2026-12-10'),
(5168,1028,3,18,268,980000,9.25,84,'Active','2026-12-17'),
(5169,1029,4,19,269,310000,7.80,36,'Closed','2025-11-21'),
(5170,1030,5,20,270,2050000,10.50,180,'Approved','2026-12-28'),
(5171,1031,1,21,271,3700000,8.50,300,'Active','2027-01-05'),
(5172,1032,2,22,272,590000,11.75,60,'Approved','2027-01-11'),
(5173,1033,3,23,273,890000,9.25,72,'Closed','2025-12-16'),
(5174,1034,4,24,274,395000,7.80,48,'Active','2027-01-19'),
(5175,1035,5,25,275,2300000,10.50,180,'Approved','2027-01-27'),
(5176,1036,1,1,276,3000000,8.50,240,'Active','2027-02-03'),
(5177,1037,2,2,277,520000,11.75,60,'Approved','2027-02-09'),
(5178,1038,3,3,278,910000,9.25,84,'Closed','2026-01-14'),
(5179,1039,4,4,279,365000,7.80,48,'Active','2027-02-17'),
(5180,1040,5,5,280,1750000,10.50,120,'Approved','2027-02-24'),
(5181,1041,1,6,281,3400000,8.50,300,'Active','2027-03-03'),
(5182,1042,2,7,282,615000,11.75,72,'Rejected','2027-03-10'),
(5183,1043,3,8,283,955000,9.25,60,'Closed','2026-02-18'),
(5184,1044,4,9,284,340000,7.80,36,'Approved','2027-03-17'),
(5185,1045,5,10,285,1950000,10.50,180,'Active','2027-03-25'),
(5186,1046,1,11,286,4100000,8.50,300,'Approved','2027-04-02'),
(5187,1047,2,12,287,570000,11.75,60,'Active','2027-04-08'),
(5188,1048,3,13,288,845000,9.25,72,'Closed','2026-03-15'),
(5189,1049,4,14,289,425000,7.80,48,'Approved','2027-04-16'),
(5190,1050,5,15,290,2200000,10.50,180,'Rejected','2027-04-23'),
(5191,1051,1,16,291,3550000,8.50,240,'Active','2027-05-02'),
(5192,1052,2,17,292,640000,11.75,72,'Approved','2027-05-09'),
(5193,1053,3,18,293,990000,9.25,84,'Active','2027-05-17'),
(5194,1054,4,19,294,315000,7.80,36,'Closed','2026-04-11'),
(5195,1055,5,20,295,2100000,10.50,180,'Approved','2027-05-24'),
(5196,1056,1,21,296,3800000,8.50,300,'Active','2027-06-02'),
(5197,1057,2,22,297,605000,11.75,60,'Approved','2027-06-09'),
(5198,1058,3,23,298,925000,9.25,84,'Closed','2026-05-20'),
(5199,1059,4,24,299,405000,7.80,48,'Active','2027-06-17'),
(5200,1060,5,25,300,2350000,10.50,180,'Approved','2027-06-25');
SELECT * FROM Loans ;




INSERT INTO Payments
(payment_id, loan_id, payment_date, payment_amount, payment_mode, payment_status)
VALUES
(7001,5001,'2024-02-05',18500.00,'Auto Debit','Paid'),
(7002,5001,'2024-03-05',18500.00,'UPI','Paid'),
(7003,5002,'2024-02-20',9200.00,'NEFT','Paid'),
(7004,5002,'2024-03-20',9200.00,'Net Banking','Paid'),
(7005,5003,'2023-12-10',14650.00,'Cheque','Paid'),
(7006,5003,'2024-01-10',14650.00,'Auto Debit','Paid'),
(7007,5004,'2024-03-05',7800.00,'UPI','Paid'),
(7008,5004,'2024-04-05',7800.00,'Cash','Paid'),
(7009,5005,'2024-03-15',16800.00,'NEFT','Paid'),
(7010,5005,'2024-04-15',16800.00,'Auto Debit','Paid'),
(7011,5006,'2024-04-01',21250.00,'Net Banking','Paid'),
(7012,5006,'2024-05-01',21250.00,'UPI','Paid'),
(7013,5007,'2024-04-08',9500.00,'Cheque','Pending'),
(7014,5007,'2024-05-08',9500.00,'UPI','Failed'),
(7015,5008,'2024-01-22',15800.00,'Auto Debit','Paid'),
(7016,5008,'2024-02-22',15800.00,'NEFT','Paid'),
(7017,5009,'2024-04-15',7200.00,'Cash','Paid'),
(7018,5009,'2024-05-15',7200.00,'UPI','Paid'),
(7019,5010,'2024-05-02',19400.00,'Net Banking','Paid'),
(7020,5010,'2024-06-02',19400.00,'Auto Debit','Paid'),
(7021,5011,'2024-05-10',22800.00,'UPI','Paid'),
(7022,5011,'2024-06-10',22800.00,'NEFT','Paid'),
(7023,5012,'2023-11-18',9800.00,'Cheque','Paid'),
(7024,5012,'2023-12-18',9800.00,'Auto Debit','Paid'),
(7025,5013,'2024-05-18',14100.00,'UPI','Paid'),
(7026,5013,'2024-06-18',14100.00,'Net Banking','Paid'),
(7027,5014,'2024-06-03',8350.00,'UPI','Paid'),
(7028,5014,'2024-07-03',8350.00,'Auto Debit','Paid'),
(7029,5015,'2024-06-12',17200.00,'Cheque','Pending'),
(7030,5015,'2024-07-12',17200.00,'NEFT','Failed'),
(7031,5016,'2024-06-20',20150.00,'Auto Debit','Paid'),
(7032,5016,'2024-07-20',20150.00,'UPI','Paid'),
(7033,5017,'2024-07-02',9650.00,'Net Banking','Paid'),
(7034,5017,'2024-08-02',9650.00,'UPI','Paid'),
(7035,5018,'2023-10-14',15400.00,'Cheque','Paid'),
(7036,5018,'2023-11-14',15400.00,'Auto Debit','Paid'),
(7037,5019,'2024-07-10',7450.00,'Cash','Paid'),
(7038,5019,'2024-08-10',7450.00,'UPI','Paid'),
(7039,5020,'2024-07-22',19800.00,'NEFT','Paid'),
(7040,5020,'2024-08-22',19800.00,'Auto Debit','Paid'),
(7041,5021,'2024-08-05',21900.00,'Net Banking','Paid'),
(7042,5021,'2024-09-05',21900.00,'UPI','Paid'),
(7043,5022,'2023-09-19',10250.00,'Cheque','Paid'),
(7044,5022,'2023-10-19',10250.00,'Auto Debit','Paid'),
(7045,5023,'2024-08-18',14950.00,'UPI','Paid'),
(7046,5023,'2024-09-18',14950.00,'NEFT','Paid'),
(7047,5024,'2024-08-26',8150.00,'Cash','Paid'),
(7048,5024,'2024-09-26',8150.00,'UPI','Paid'),
(7049,5025,'2024-09-01',18800.00,'Auto Debit','Paid'),
(7050,5025,'2024-10-01',18800.00,'Net Banking','Paid'),
(7051,5026,'2024-09-05',19200.00,'UPI','Paid'),
(7052,5026,'2024-10-05',19200.00,'Auto Debit','Paid'),
(7053,5027,'2024-09-09',8900.00,'NEFT','Paid'),
(7054,5027,'2024-10-09',8900.00,'UPI','Paid'),
(7055,5028,'2023-08-12',15200.00,'Cheque','Paid'),
(7056,5028,'2023-09-12',15200.00,'Auto Debit','Paid'),
(7057,5029,'2024-09-15',7600.00,'Cash','Paid'),
(7058,5029,'2024-10-15',7600.00,'UPI','Paid'),
(7059,5030,'2024-09-22',17100.00,'NEFT','Paid'),
(7060,5030,'2024-10-22',17100.00,'Net Banking','Paid'),
(7061,5031,'2024-10-01',20500.00,'Auto Debit','Paid'),
(7062,5031,'2024-11-01',20500.00,'UPI','Paid'),
(7063,5032,'2024-10-08',9800.00,'Cheque','Pending'),
(7064,5032,'2024-11-08',9800.00,'UPI','Failed'),
(7065,5033,'2023-07-20',16100.00,'Auto Debit','Paid'),
(7066,5033,'2023-08-20',16100.00,'NEFT','Paid'),
(7067,5034,'2024-10-15',7900.00,'Cash','Paid'),
(7068,5034,'2024-11-15',7900.00,'UPI','Paid'),
(7069,5035,'2024-10-25',19600.00,'Net Banking','Paid'),
(7070,5035,'2024-11-25',19600.00,'Auto Debit','Paid'),
(7071,5036,'2024-11-02',22600.00,'UPI','Paid'),
(7072,5036,'2024-12-02',22600.00,'NEFT','Paid'),
(7073,5037,'2024-11-08',9100.00,'UPI','Paid'),
(7074,5037,'2024-12-08',9100.00,'Auto Debit','Paid'),
(7075,5038,'2023-06-28',14800.00,'Cheque','Paid'),
(7076,5038,'2023-07-28',14800.00,'Auto Debit','Paid'),
(7077,5039,'2024-11-15',8200.00,'Cash','Paid'),
(7078,5039,'2024-12-15',8200.00,'UPI','Paid'),
(7079,5040,'2024-11-22',20100.00,'Net Banking','Paid'),
(7080,5040,'2024-12-22',20100.00,'Auto Debit','Paid'),
(7081,5041,'2024-12-01',21800.00,'UPI','Paid'),
(7082,5041,'2025-01-01',21800.00,'NEFT','Paid'),
(7083,5042,'2024-12-07',9500.00,'Cheque','Pending'),
(7084,5042,'2025-01-07',9500.00,'UPI','Failed'),
(7085,5043,'2024-12-14',15600.00,'Auto Debit','Paid'),
(7086,5043,'2025-01-14',15600.00,'Net Banking','Paid'),
(7087,5044,'2023-05-16',7300.00,'Cash','Paid'),
(7088,5044,'2023-06-16',7300.00,'UPI','Paid'),
(7089,5045,'2024-12-22',18900.00,'NEFT','Paid'),
(7090,5045,'2025-01-22',18900.00,'Auto Debit','Paid'),
(7091,5046,'2025-01-02',22300.00,'UPI','Paid'),
(7092,5046,'2025-02-02',22300.00,'Net Banking','Paid'),
(7093,5047,'2025-01-08',9300.00,'UPI','Paid'),
(7094,5047,'2025-02-08',9300.00,'Auto Debit','Paid'),
(7095,5048,'2023-04-21',15000.00,'Cheque','Paid'),
(7096,5048,'2023-05-21',15000.00,'NEFT','Paid'),
(7097,5049,'2025-01-15',8050.00,'Cash','Paid'),
(7098,5049,'2025-02-15',8050.00,'UPI','Paid'),
(7099,5050,'2025-01-28',19700.00,'Auto Debit','Paid'),
(7100,5050,'2025-02-28',19700.00,'Net Banking','Paid'),
(7101,5051,'2025-02-03',19150.00,'UPI','Paid'),
(7102,5051,'2025-03-03',19150.00,'Auto Debit','Paid'),
(7103,5052,'2025-02-08',9100.00,'NEFT','Paid'),
(7104,5052,'2025-03-08',9100.00,'Net Banking','Paid'),
(7105,5053,'2024-03-18',15350.00,'Cheque','Paid'),
(7106,5053,'2024-04-18',15350.00,'Auto Debit','Paid'),
(7107,5054,'2025-02-16',7750.00,'Cash','Paid'),
(7108,5054,'2025-03-16',7750.00,'UPI','Paid'),
(7109,5055,'2025-02-22',17600.00,'NEFT','Paid'),
(7110,5055,'2025-03-22',17600.00,'Auto Debit','Paid'),
(7111,5056,'2025-03-01',20800.00,'Net Banking','Paid'),
(7112,5056,'2025-04-01',20800.00,'UPI','Paid'),
(7113,5057,'2025-03-06',9600.00,'Cheque','Pending'),
(7114,5057,'2025-04-06',9600.00,'UPI','Failed'),
(7115,5058,'2024-02-25',15700.00,'Auto Debit','Paid'),
(7116,5058,'2024-03-25',15700.00,'NEFT','Paid'),
(7117,5059,'2025-03-15',7400.00,'Cash','Paid'),
(7118,5059,'2025-04-15',7400.00,'UPI','Paid'),
(7119,5060,'2025-03-22',19900.00,'Net Banking','Paid'),
(7120,5060,'2025-04-22',19900.00,'Auto Debit','Paid'),
(7121,5061,'2025-04-04',22500.00,'UPI','Paid'),
(7122,5061,'2025-05-04',22500.00,'NEFT','Paid'),
(7123,5062,'2025-04-09',9200.00,'UPI','Paid'),
(7124,5062,'2025-05-09',9200.00,'Auto Debit','Paid'),
(7125,5063,'2024-01-20',14950.00,'Cheque','Paid'),
(7126,5063,'2024-02-20',14950.00,'Auto Debit','Paid'),
(7127,5064,'2025-04-18',8100.00,'Cash','Paid'),
(7128,5064,'2025-05-18',8100.00,'UPI','Paid'),
(7129,5065,'2025-04-24',19300.00,'NEFT','Pending'),
(7130,5065,'2025-05-24',19300.00,'Cheque','Failed'),
(7131,5066,'2025-05-02',21700.00,'Auto Debit','Paid'),
(7132,5066,'2025-06-02',21700.00,'Net Banking','Paid'),
(7133,5067,'2025-05-08',9400.00,'UPI','Paid'),
(7134,5067,'2025-06-08',9400.00,'NEFT','Paid'),
(7135,5068,'2025-05-15',16200.00,'Auto Debit','Paid'),
(7136,5068,'2025-06-15',16200.00,'UPI','Paid'),
(7137,5069,'2024-04-11',7600.00,'Cash','Paid'),
(7138,5069,'2024-05-11',7600.00,'UPI','Paid'),
(7139,5070,'2025-05-24',20100.00,'Net Banking','Paid'),
(7140,5070,'2025-06-24',20100.00,'Auto Debit','Paid'),
(7141,5071,'2025-06-03',22150.00,'UPI','Paid'),
(7142,5071,'2025-07-03',22150.00,'Auto Debit','Paid'),
(7143,5072,'2025-06-09',9550.00,'NEFT','Paid'),
(7144,5072,'2025-07-09',9550.00,'Net Banking','Paid'),
(7145,5073,'2024-05-05',15400.00,'Cheque','Paid'),
(7146,5073,'2024-06-05',15400.00,'Auto Debit','Paid'),
(7147,5074,'2025-06-17',7900.00,'Cash','Paid'),
(7148,5074,'2025-07-17',7900.00,'UPI','Paid'),
(7149,5075,'2025-06-25',19400.00,'NEFT','Paid'),
(7150,5075,'2025-07-25',19400.00,'Auto Debit','Paid'),
(7151,5076,'2025-07-02',20600.00,'Net Banking','Paid'),
(7152,5076,'2025-08-02',20600.00,'UPI','Paid'),
(7153,5077,'2025-07-08',9350.00,'UPI','Paid'),
(7154,5077,'2025-08-08',9350.00,'Auto Debit','Paid'),
(7155,5078,'2024-06-15',15100.00,'Cheque','Paid'),
(7156,5078,'2024-07-15',15100.00,'NEFT','Paid'),
(7157,5079,'2025-07-16',7750.00,'Cash','Paid'),
(7158,5079,'2025-08-16',7750.00,'UPI','Paid'),
(7159,5080,'2025-07-24',18600.00,'Net Banking','Paid'),
(7160,5080,'2025-08-24',18600.00,'Auto Debit','Paid'),
(7161,5081,'2025-08-03',22400.00,'UPI','Paid'),
(7162,5081,'2025-09-03',22400.00,'NEFT','Paid'),
(7163,5082,'2025-08-09',9700.00,'Cheque','Pending'),
(7164,5082,'2025-09-09',9700.00,'UPI','Failed'),
(7165,5083,'2024-07-10',16000.00,'Auto Debit','Paid'),
(7166,5083,'2024-08-10',16000.00,'Net Banking','Paid'),
(7167,5084,'2025-08-18',8050.00,'Cash','Paid'),
(7168,5084,'2025-09-18',8050.00,'UPI','Paid'),
(7169,5085,'2025-08-25',19850.00,'NEFT','Paid'),
(7170,5085,'2025-09-25',19850.00,'Auto Debit','Paid'),
(7171,5086,'2025-09-01',22900.00,'UPI','Paid'),
(7172,5086,'2025-10-01',22900.00,'Net Banking','Paid'),
(7173,5087,'2025-09-08',9150.00,'UPI','Paid'),
(7174,5087,'2025-10-08',9150.00,'Auto Debit','Paid'),
(7175,5088,'2024-08-12',14800.00,'Cheque','Paid'),
(7176,5088,'2024-09-12',14800.00,'Auto Debit','Paid'),
(7177,5089,'2025-09-19',8250.00,'Cash','Paid'),
(7178,5089,'2025-10-19',8250.00,'UPI','Paid'),
(7179,5090,'2025-09-28',20300.00,'NEFT','Pending'),
(7180,5090,'2025-10-28',20300.00,'Cheque','Failed'),
(7181,5091,'2025-10-05',21950.00,'Auto Debit','Paid'),
(7182,5091,'2025-11-05',21950.00,'UPI','Paid'),
(7183,5092,'2025-10-11',9650.00,'NEFT','Paid'),
(7184,5092,'2025-11-11',9650.00,'Net Banking','Paid'),
(7185,5093,'2025-10-20',15900.00,'Auto Debit','Paid'),
(7186,5093,'2025-11-20',15900.00,'UPI','Paid'),
(7187,5094,'2024-09-18',7350.00,'Cash','Paid'),
(7188,5094,'2024-10-18',7350.00,'UPI','Paid'),
(7189,5095,'2025-10-27',19100.00,'NEFT','Paid'),
(7190,5095,'2025-11-27',19100.00,'Auto Debit','Paid'),
(7191,5096,'2025-11-04',22650.00,'UPI','Paid'),
(7192,5096,'2025-12-04',22650.00,'Net Banking','Paid'),
(7193,5097,'2025-11-10',9250.00,'UPI','Paid'),
(7194,5097,'2025-12-10',9250.00,'Auto Debit','Paid'),
(7195,5098,'2024-10-07',15250.00,'Cheque','Paid'),
(7196,5098,'2024-11-07',15250.00,'NEFT','Paid'),
(7197,5099,'2025-11-18',8100.00,'Cash','Paid'),
(7198,5099,'2025-12-18',8100.00,'UPI','Paid'),
(7199,5100,'2025-11-27',20500.00,'Net Banking','Paid'),
(7200,5100,'2025-12-27',20500.00,'Auto Debit','Paid'),
(7201,5101,'2025-12-03',19300.00,'UPI','Paid'),
(7202,5101,'2026-01-03',19300.00,'Auto Debit','Paid'),
(7203,5102,'2025-12-08',9050.00,'NEFT','Paid'),
(7204,5102,'2026-01-08',9050.00,'Net Banking','Paid'),
(7205,5103,'2024-11-11',15050.00,'Cheque','Paid'),
(7206,5103,'2024-12-11',15050.00,'Auto Debit','Paid'),
(7207,5104,'2025-12-16',7850.00,'Cash','Paid'),
(7208,5104,'2026-01-16',7850.00,'UPI','Paid'),
(7209,5105,'2025-12-23',17800.00,'NEFT','Paid'),
(7210,5105,'2026-01-23',17800.00,'Auto Debit','Paid'),
(7211,5106,'2026-01-02',21200.00,'Net Banking','Paid'),
(7212,5106,'2026-02-02',21200.00,'UPI','Paid'),
(7213,5107,'2026-01-07',9550.00,'Cheque','Pending'),
(7214,5107,'2026-02-07',9550.00,'UPI','Failed'),
(7215,5108,'2024-12-15',15750.00,'Auto Debit','Paid'),
(7216,5108,'2025-01-15',15750.00,'NEFT','Paid'),
(7217,5109,'2026-01-18',7600.00,'Cash','Paid'),
(7218,5109,'2026-02-18',7600.00,'UPI','Paid'),
(7219,5110,'2026-01-24',20000.00,'Net Banking','Paid'),
(7220,5110,'2026-02-24',20000.00,'Auto Debit','Paid'),
(7221,5111,'2026-02-04',22450.00,'UPI','Paid'),
(7222,5111,'2026-03-04',22450.00,'Auto Debit','Paid'),
(7223,5112,'2026-02-10',9150.00,'NEFT','Paid'),
(7224,5112,'2026-03-10',9150.00,'Net Banking','Paid'),
(7225,5113,'2025-01-08',14900.00,'Cheque','Paid'),
(7226,5113,'2025-02-08',14900.00,'Auto Debit','Paid'),
(7227,5114,'2026-02-17',8050.00,'Cash','Paid'),
(7228,5114,'2026-03-17',8050.00,'UPI','Paid'),
(7229,5115,'2026-02-25',19600.00,'NEFT','Pending'),
(7230,5115,'2026-03-25',19600.00,'Cheque','Failed'),
(7231,5116,'2026-03-03',21800.00,'Auto Debit','Paid'),
(7232,5116,'2026-04-03',21800.00,'UPI','Paid'),
(7233,5117,'2026-03-09',9400.00,'Net Banking','Paid'),
(7234,5117,'2026-04-09',9400.00,'UPI','Paid'),
(7235,5118,'2026-03-18',16050.00,'Auto Debit','Paid'),
(7236,5118,'2026-04-18',16050.00,'NEFT','Paid'),
(7237,5119,'2025-02-20',7500.00,'Cash','Paid'),
(7238,5119,'2025-03-20',7500.00,'UPI','Paid'),
(7239,5120,'2026-03-27',20400.00,'Net Banking','Paid'),
(7240,5120,'2026-04-27',20400.00,'Auto Debit','Paid'),
(7241,5121,'2026-04-05',22900.00,'UPI','Paid'),
(7242,5121,'2026-05-05',22900.00,'NEFT','Paid'),
(7243,5122,'2026-04-11',9350.00,'UPI','Paid'),
(7244,5122,'2026-05-11',9350.00,'Auto Debit','Paid'),
(7245,5123,'2025-03-14',15300.00,'Cheque','Paid'),
(7246,5123,'2025-04-14',15300.00,'NEFT','Paid'),
(7247,5124,'2026-04-19',7900.00,'Cash','Paid'),
(7248,5124,'2026-05-19',7900.00,'UPI','Paid'),
(7249,5125,'2026-04-27',18750.00,'Net Banking','Paid'),
(7250,5125,'2026-05-27',18750.00,'Auto Debit','Paid'),
(7251,5126,'2026-05-02',19550.00,'UPI','Paid'),
(7252,5126,'2026-06-02',19550.00,'Auto Debit','Paid'),
(7253,5127,'2026-05-07',9250.00,'NEFT','Paid'),
(7254,5127,'2026-06-07',9250.00,'Net Banking','Paid'),
(7255,5128,'2025-04-12',15150.00,'Cheque','Paid'),
(7256,5128,'2025-05-12',15150.00,'Auto Debit','Paid'),
(7257,5129,'2026-05-15',7800.00,'Cash','Paid'),
(7258,5129,'2026-06-15',7800.00,'UPI','Paid'),
(7259,5130,'2026-05-21',18200.00,'NEFT','Paid'),
(7260,5130,'2026-06-21',18200.00,'Auto Debit','Paid'),
(7261,5131,'2026-06-01',21450.00,'Net Banking','Paid'),
(7262,5131,'2026-07-01',21450.00,'Auto Debit','Paid'),
(7263,5132,'2026-06-06',9650.00,'Cheque','Pending'),
(7264,5132,'2026-07-06',9650.00,'UPI','Failed'),
(7265,5133,'2025-05-18',15850.00,'UPI','Paid'),
(7266,5133,'2025-06-18',15850.00,'NEFT','Paid'),
(7267,5134,'2026-06-14',7600.00,'Cash','Paid'),
(7268,5134,'2026-07-14',7600.00,'UPI','Paid'),
(7269,5135,'2026-06-22',19900.00,'Auto Debit','Paid'),
(7270,5135,'2026-07-22',19900.00,'Net Banking','Paid'),
(7271,5136,'2026-07-03',22850.00,'UPI','Paid'),
(7272,5136,'2026-08-03',22850.00,'Auto Debit','Paid'),
(7273,5137,'2026-07-09',9100.00,'NEFT','Paid'),
(7274,5137,'2026-08-09',9100.00,'UPI','Paid'),
(7275,5138,'2025-06-20',14750.00,'Cheque','Paid'),
(7276,5138,'2025-07-20',14750.00,'Auto Debit','Paid'),
(7277,5139,'2026-07-17',8150.00,'Cash','Paid'),
(7278,5139,'2026-08-17',8150.00,'UPI','Paid'),
(7279,5140,'2026-07-24',19350.00,'Cheque','Pending'),
(7280,5140,'2026-08-24',19350.00,'NEFT','Failed'),
(7281,5141,'2026-08-02',20650.00,'Auto Debit','Paid'),
(7282,5141,'2026-09-02',20650.00,'Net Banking','Paid'),
(7283,5142,'2026-08-08',9400.00,'UPI','Paid'),
(7284,5142,'2026-09-08',9400.00,'Auto Debit','Paid'),
(7285,5143,'2026-08-15',16150.00,'NEFT','Paid'),
(7286,5143,'2026-09-15',16150.00,'UPI','Paid'),
(7287,5144,'2025-07-11',7350.00,'Cash','Paid'),
(7288,5144,'2025-08-11',7350.00,'UPI','Paid'),
(7289,5145,'2026-08-23',18800.00,'Net Banking','Paid'),
(7290,5145,'2026-09-23',18800.00,'Auto Debit','Paid'),
(7291,5146,'2026-09-01',22350.00,'UPI','Paid'),
(7292,5146,'2026-10-01',22350.00,'NEFT','Paid'),
(7293,5147,'2026-09-07',9550.00,'UPI','Paid'),
(7294,5147,'2026-10-07',9550.00,'Auto Debit','Paid'),
(7295,5148,'2025-08-18',15000.00,'Cheque','Paid'),
(7296,5148,'2025-09-18',15000.00,'Auto Debit','Paid'),
(7297,5149,'2026-09-15',8050.00,'Cash','Paid'),
(7298,5149,'2026-10-15',8050.00,'UPI','Paid'),
(7299,5150,'2026-09-22',20150.00,'Net Banking','Paid'),
(7300,5150,'2026-10-22',20150.00,'Auto Debit','Paid'),
(7301,5151,'2026-10-02',19450.00,'UPI','Paid'),
(7302,5151,'2026-11-02',19450.00,'Auto Debit','Paid'),
(7303,5152,'2026-10-08',9050.00,'NEFT','Paid'),
(7304,5152,'2026-11-08',9050.00,'Net Banking','Paid'),
(7305,5153,'2025-09-14',15200.00,'Cheque','Paid'),
(7306,5153,'2025-10-14',15200.00,'Auto Debit','Paid'),
(7307,5154,'2026-10-15',7900.00,'Cash','Paid'),
(7308,5154,'2026-11-15',7900.00,'UPI','Paid'),
(7309,5155,'2026-10-22',18950.00,'NEFT','Paid'),
(7310,5155,'2026-11-22',18950.00,'Auto Debit','Paid'),
(7311,5156,'2026-11-01',21650.00,'Net Banking','Paid'),
(7312,5156,'2026-12-01',21650.00,'UPI','Paid'),
(7313,5157,'2026-11-07',9450.00,'Cheque','Pending'),
(7314,5157,'2026-12-07',9450.00,'UPI','Failed'),
(7315,5158,'2025-10-18',15600.00,'Auto Debit','Paid'),
(7316,5158,'2025-11-18',15600.00,'NEFT','Paid'),
(7317,5159,'2026-11-16',7550.00,'Cash','Paid'),
(7318,5159,'2026-12-16',7550.00,'UPI','Paid'),
(7319,5160,'2026-11-24',19850.00,'Net Banking','Paid'),
(7320,5160,'2026-12-24',19850.00,'Auto Debit','Paid'),
(7321,5161,'2026-12-03',22750.00,'UPI','Paid'),
(7322,5161,'2027-01-03',22750.00,'NEFT','Paid'),
(7323,5162,'2026-12-09',9200.00,'UPI','Paid'),
(7324,5162,'2027-01-09',9200.00,'Auto Debit','Paid'),
(7325,5163,'2025-11-12',14950.00,'Cheque','Paid'),
(7326,5163,'2025-12-12',14950.00,'Auto Debit','Paid'),
(7327,5164,'2026-12-18',8100.00,'Cash','Paid'),
(7328,5164,'2027-01-18',8100.00,'UPI','Paid'),
(7329,5165,'2026-12-26',20100.00,'Cheque','Pending'),
(7330,5165,'2027-01-26',20100.00,'NEFT','Failed'),
(7331,5166,'2027-01-04',22100.00,'Auto Debit','Paid'),
(7332,5166,'2027-02-04',22100.00,'Net Banking','Paid'),
(7333,5167,'2027-01-10',9600.00,'UPI','Paid'),
(7334,5167,'2027-02-10',9600.00,'Auto Debit','Paid'),
(7335,5168,'2027-01-17',16300.00,'NEFT','Paid'),
(7336,5168,'2027-02-17',16300.00,'UPI','Paid'),
(7337,5169,'2025-12-21',7450.00,'Cash','Paid'),
(7338,5169,'2026-01-21',7450.00,'UPI','Paid'),
(7339,5170,'2027-01-28',20450.00,'Net Banking','Paid'),
(7340,5170,'2027-02-28',20450.00,'Auto Debit','Paid');
SELECT * FROM Payments ;

